{
    "type": "minecraft:crafting_shaped",
    "pattern": [
        "DND",
        "WTW",
        "DND"
    ],
    "key": {
        "D": {
            "item": "minecraft:diamond_block"
        },
        "N": {
            "item": "minecraft:netherite_ingot"
        },
        "W": {
            "item": "minecraft:wither_skeleton_skull"
        },
        "T": {
            "item": "minecraft:totem_of_undying"
        }
    },
    "result": {
        "id": "minecraft:silverfish_spawn_egg",
        "components": {
            "max_stack_size": 1,
            "item_name": "\"Permanenter Multiplier\"",
            "lore": [
                "{\"text\": \" \"}",
                "{\"text\": \"Nach Benutzung:\", \"color\": \"gray\", \"italic\": false}",
                "{\"text\": \"+1 Multiplier\", \"color\": \"blue\", \"italic\": false}"
            ],
            "rarity": "epic",
            "enchantment_glint_override": true,
            "entity_data": {
                "id": "minecraft:silverfish",
                "Silent": true,
                "Invulnerable": true,
                "CustomNameVisible": false,
                "NoAI": true,
                "Tags": [
                    "lvlsmp.callMultiplier"
                ],
                "active_effects": [
                    {
                        "id": "minecraft:invisibility",
                        "amplifier": 1,
                        "duration": -1,
                        "show_particles": false
                    }
                ]
            }
        },
        "count": 1
    }
}